employeeID,firstname,lastname,email,phone,address,city,state,zipcode,jobtitle,salary
1001,John,Smith,john.smith@example.com,363 721-678-7468,123 Main St,Anytown,NY,68547-3767,Sales Associate,45000
1002,Emily,Johnson,emily.johnson@example.com,328-585-5519,456 Elm St,Springfield,IL,73068,HR Manager,65000
1003,Michael,Williams,michael.williams@example.com,2238573578,789 Oak St,Oakville,CA,53586-4892,Software Engineer,80000
1004,Sarah,Brown,sarah.brown@example.com,193 886 3282,987 Pine St,Lakeside,FL,85373,Marketing Analyst,55000
1005,David,Jones,david.jones@example.com,+56 (778) 214 9832,654 Cedar St,Mountainview,CA,49416-3049,Operations Manager,70000
1006,Jessica,Garcia,jessica.garcia@example.com,293 306-374-8688,321 Birch St,Riverdale,NJ,28489-5958,Customer Service Rep,40000
1007,William,Martinez,william.martinez@example.com,164 694 4271,876 Maple St,Springdale,AR,74519-4264,Financial Analyst,60000
1008,Ashley,Robinson,ashley.robinson@example.com,+114 (692) 896 7592,543 Walnut St,Greenvale,TN,88494,Project Manager,75000
1009,Christopher,Lopez,christopher.lopez@example.com,+248 (622) 369 4516,210 Pineapple St,Coral Gables,FL,61527-4413,Graphic Designer,50000
1010,Amanda,Lewis,amanda.lewis@example.com,(643) 101 6848,109 Orange St,Orangetown,TX,15888-1137,Sales Manager,85000
1011,Matthew,Anderson,matthew.anderson@example.com,630 816 5654,123 Cherry St,Cherryville,NC,27478-2330,Accountant,60000
1012,Lauren,White,lauren.white@example.com,296 559 4464,456 Apple St,Appleton,WI,19419,Administrative Assistant,40000
1013,Kevin,Thomas,kevin.thomas@example.com,736-664-4054,789 Lemon St,Lemonville,CA,67365-7493,Quality Assurance Analyst,55000
1014,Olivia,Hall,olivia.hall@example.com,+183 (924) 527 9272,987 Grape St,Grapevine,TX,41765-5941,IT Specialist,65000
1015,Daniel,Young,daniel.young@example.com,(189) 553 6257,654 Berry St,Berryton,OH,46210-7524,Operations Coordinator,45000
1016,Hannah,Clark,hannah.clark@example.com,(127) 175 4644,321 Peach St,Peachtree City,GA,31262-6966,Marketing Coordinator,50000
1017,Andrew,Wright,andrew.wright@example.com,534-341-7299,876 Banana St,Bananaville,FL,46562-5557,Sales Representative,55000
1018,Elizabeth,Scott,elizabeth.scott@example.com,183-202-6624,543 Pineapple St,Pineapple Cove,HI,75006-9914,HR Assistant,40000
1019,Ryan,Adams,ryan.adams@example.com,+445 (709) 831 6029,210 Mango St,Mangotown,CA,79234-7432,Software Developer,75000
1020,Samantha,Baker,samantha.baker@example.com,(538) 936 3754,109 Watermelon St,Watermelon Bay,FL,28887,Product Manager,85000
1021,Nathan,Evans,nathan.evans@example.com,(600) 708 3111,123 Plum St,Plumville,PA,25496-5009,Account Manager,70000
1022,Victoria,Hill,victoria.hill@example.com,82 108-696-2880,456 Cherry Blossom St,Cherry Blossom City,WA,34644-6652,Marketing Manager,75000
1023,Justin,Kelly,justin.kelly@example.com,728-702-1196,789 Lily St,Lilyfield,MA,34210,Financial Controller,85000
1024,Julia,Murphy,julia.murphy@example.com,816-616-7674,987 Rose St,Rosetown,TX,35987-6483,Data Analyst,60000
1025,Brandon,Ross,brandon.ross@example.com,587 967 3059,654 Tulip St,Tulipville,OH,82137-7872,Software Tester,55000
1026,Christina,Howard,christina.howard@example.com,192 145-392-6262,321 Sunflower St,Sunflower City,FL,81297-8225,Technical Support Specialist,45000
1027,Ethan,Bailey,ethan.bailey@example.com,6346611880,876 Daisy St,Daisyfield,CA,66719,Project Coordinator,50000
1028,Megan,Cooper,megan.cooper@example.com,+508 (442) 645 5576,543 Magnolia St,Magnoliaville,TN,99140,Operations Analyst,65000
1029,Austin,Perez,austin.perez@example.com,156 326-333-4882,210 Orchid St,Orchidville,NV,66298,Human Resources Manager,80000
1030,Grace,Rivera,grace.rivera@example.com,316 280-713-3755,109 Iris St,Irisfield,GA,77774-8153,Business Analyst,70000
1031,Connor,Bell,connor.bell@example.com,+288 (623) 427 3960,123 Daisy St,Daisyville,CA,22929-5780,Software Engineer,75000
1032,Hailey,Cruz,hailey.cruz@example.com,139-391-9494,456 Rose St,Rosetown,TX,93863-2669,Marketing Specialist,60000
1033,Natalie,Flores,natalie.flores@example.com,+429 (245) 972 4469,789 Lily St,Lilyfield,MA,16052,Financial Analyst,65000
1034,Mason,Long,mason.long@example.com,144 827-709-7394,987 Orchid St,Orchidville,NV,97274,HR Generalist,55000
1035,Isabella,Reed,isabella.reed@example.com,624-146-9783,654 Sunflower St,Sunflowerville,FL,68234,Product Designer,70000
1036,Dylan,Gomez,dylan.gomez@example.com,6499122160,321 Iris St,Irisfield,GA,87689-1433,Operations Coordinator,60000
1037,Mia,Hill,mia.hill@example.com,(960) 102 9213,876 Magnolia St,Magnoliaville,TN,94324,Customer Success Manager,80000
1038,James,Ward,james.ward@example.com,+596 (136) 897 8668,543 Tulip St,Tulipville,OH,47526-5776,Sales Representative,55000
1039,Sophia,Watson,sophia.watson@example.com,709 448 4030,210 Cherry St,Cherryville,NC,71491,Quality Assurance Engineer,70000
1040,Elijah,Bailey,elijah.bailey@example.com,8829603688,109 Plum St,Plumville,PA,59308-3781,Data Scientist,85000
1041,Samantha,Bell,samantha.bell@college.edu,(290) 544 1662,123 Maple St,Mapleville,WA,61029,Student,0
1042,Jack,Cruz,jack.cruz@college.edu,419 535-869-7585,456 Oak St,Oakdale,CA,34564,Student,0
1043,Emma,Flores,emma.flores@college.edu,+169 (467) 571 4085,789 Elm St,Elmvale,MA,92108-1129,Student,0
1044,Noah,Long,noah.long@college.edu,250 340 4741,987 Pine St,Pinetown,TX,80107,Student,0
1045,Olivia,Reed,olivia.reed@college.edu,746 574 1902,654 Cedar St,Cedarville,OH,48551-4216,Student,0
1046,Liam,Gomez,liam.gomez@college.edu,858 275 3723,321 Birch St,Birchfield,FL,93625-2761,Student,0
1047,Ava,Hill,ava.hill@college.edu,245 272-577-9898,876 Walnut St,Walnutville,TN,69776,Student,0
1048,Noah,Ward,noah.ward@college.edu,433-501-8125,543 Spruce St,Spruceville,OH,90814,Student,0
1049,Isabella,Watson,isabella.watson@college.edu,426-962-5218,210 Oak St,Oakville,NC,16946-7144,Student,0
1050,Liam,Bailey,liam.bailey@college.edu,(742) 414 4727,109 Cherry St,Cherrytown,PA,15438-1808,Student,0
1051,Oliver,Smith,oliver.smith@example.com,+82 (506) 510 5887,123 King St,Sydney,NSW,66889-4293,Marketing Coordinator,65000
1052,Chloe,Jones,chloe.jones@example.com,6158138993,456 Queen St,Melbourne,VIC,21117-3247,Software Developer,70000
1053,Mason,Williams,mason.williams@example.com,(267) 847 3056,789 Murray St,Brisbane,QLD,95251-6918,Financial Analyst,75000
1054,Isabella,Brown,isabella.brown@example.com,8495643084,987 George St,Perth,WA,31086,HR Manager,80000
1055,William,Davis,william.davis@example.com,4469145152,654 York St,Adelaide,SA,77532,Operations Manager,85000
1056,Charlotte,Miller,charlotte.miller@example.com,+331 (781) 488 8127,321 Kent St,Hobart,TAS,68705,Sales Representative,70000
1057,Noah,Wilson,noah.wilson@example.com,134-269-3735,876 Collins St,Gold Coast,QLD,62019,Product Manager,75000
1058,Sophia,Martin,sophia.martin@example.com,1244175135,543 King William St,Canberra,ACT,78364,Data Analyst,70000
1059,Lucas,Thompson,lucas.thompson@example.com,2508135283,210 St George's Terrace,Darwin,NT,47458-8959,Software Engineer,80000
1060,Amelia,White,amelia.white@example.com,79 414-233-7893,109 William St,Cairns,QLD,58608,Marketing Manager,85000
1061,Aiden,Johnson,aiden.johnson@example.com,+486 (189) 679 9334,123 Oak St,Los Angeles,CA,76336-5520,Marketing Coordinator,60000
1062,Charlotte,Williams,charlotte.williams@example.com,374 537-287-3607,456 Elm St,San Francisco,CA,60664,Software Developer,75000
1063,Carter,Jones,carter.jones@example.com,531 384-773-9864,789 Maple St,New York,NY,43862,Financial Analyst,70000
1064,Amelia,Brown,amelia.brown@example.com,113 237-214-5738,987 Pine St,Chicago,IL,33051-2429,HR Manager,80000
1065,Grayson,Davis,grayson.davis@example.com,(383) 286 8021,654 Cedar St,Miami,FL,47367,Operations Manager,85000
1066,Riley,Miller,riley.miller@example.com,(630) 329 1632,321 Birch St,Houston,TX,86008-2552,Sales Representative,65000
1067,Zoey,Wilson,zoey.wilson@example.com,165-471-9579,876 Walnut St,Philadelphia,PA,89106-2379,Product Manager,75000
1068,Ethan,Moore,ethan.moore@example.com,190 510 5063,543 Oak St,Phoenix,AZ,88809-3916,Data Analyst,70000
1069,Lily,Taylor,lily.taylor@example.com,+405 (204) 610 3596,210 Pine St,San Diego,CA,58217,Software Engineer,80000
1070,Jackson,Anderson,jackson.anderson@example.com,213 873-795-8218,109 Maple St,Dallas,TX,71002,Marketing Manager,85000
